{"slab": -284.84308635, "O": -7.204, "0": -284.84308635, "1": -292.04708635000003, "2": -299.25108635000004, "3": -306.45508635000004, "4": -313.65908635, "5": -320.86308635, "6": -328.06708635}